{
    "acc": 0.6127903634251747,
    "f1": 0.7807969620612568
}