{
    "acc": 0.5812348736421455,
    "f1": 0.7483414084786812
}